id,foo
0,
1,American Ornithological Union (AOU)
2,Andrews Experimental Forest site
3,Arctic LTER Vocabulary
4,atmospheric deposition
5,Biogeochemistry
6,Biological Diversity
7,CAPLTER Keyword Set List
8,carbon flux
9,carey lab controlled vocabulary
10,CCE LTER Keywords
11,climate
12,Climate
13,Core Areas
14,creator defined key word set
15,Creator Defined Keyword Set
16,Creator provided keywords
17,Creator Supplied Keywords
18,cuahsi controlled vocabulary
19,custom
20,CWT-LTER Controlled Vocabulary
21,Darwin Core Terms
22,Dataset Status
23,Data Sets Vocabulary V.2 (Researcher's Keywords)
24,Decomposition
25,Disturbance
26,Ecological Archives
27,eddy covariance
28,EDI Controlled Vocabulary
29,Environmental Data Initiative Controlled Vocabulary
30,Essential Biodiversity Variables
31,FCE Controlled Vocabulary
32,FCE Keyword List
33,FCE Keyword Thesaurus
34,FCE Keyword Thesaurus
35,FCE Keyword Thesaurus
36,flux
37,GCE-LTER Controlled Vocabulary
38,GCE-LTER Species List
39,"GCMD Keywords, Version 6.0.0.0.0: Earth Science "
40,"GCMD Keywords, Version 6.0.0.0.0: EARTH SCIENCE: Oceans:"
41,GCMD Location Keywords
42,GCMD Parameter Keywords
43,GCMD v6.0.0.0.0 Atmosphere
44,GCMD v6.0.0.0.0 Biosphere
45,GCMD v6.0.0.0.0 Earth Science: Oceans
46,Geographic Names Information System
47,GIS
48,Global Change Master Directory (GCMD) v6.0.0.0.0
49,Global Change Master Directory (GCMD) v6.0.0.0.0
50,heat flux
51,HFR default
52,Hubbard Brook Ecosystem Study
53,Hubbard Brook Ecosystem Study LTER
54,Hubbard Brook Ecosystem Study	LTER
55,Human Dimensions
56,Hydrology
57,"Institute, Organization, or Funding Agency"
58,IPA and Core Area CAP Data Portal Controler
59,ISO 19115 Topic Categories
60,Jornada Data Category
61,Jornada Dataset Keywords
62, Keyword Thesaurus
63,KNB
64,Knowledge Network for Biocomplexity
65,LTER
66,lter conductivity vocabulary
67,lter controlled vocabulary
68,LTER controlled vocabulary
69, LTER Controlled Vocabulary
70,LTER Controlled Vocabulary Keyword Set
71,lter-controlled-vocabulary-hierarchical-list
72,LTER Controlled Vocabulary Keyword Set
73,LTER Controlled Vocabulary Keyword Set
74,LTER Controlled Vocabulary v1: Core Research Areas
75,LTER core areas
76,LTER_core_area
77,LTER core areas
78,LTER core areas
79,LTER Core Areas
80,LTER core areas and CAP LTER IRTs
81,LTER Core Research Areas
82,LTER core research areas
83,LTER Core Research Areas
84,LTER five corea areas codes
85,LTER Keyword Thesaurus
86,LTER Keyword Thesaurus
87,LTER Network Controlled Vocabulary
88,LTER Thesaurus
89,LTER_Thesaurus
90,LUQ LTER 2006 Classification
91,MCR Activity
92,MCR Core Activity
93,MCR LTER Site
94,MCR-LTER Working Group
95,MCR Non-Core Activity
96,MCR Research Theme
97,NBII Biocomplexity
98,NBII Biocomplexity Thesaurus
99,NBII Biocomplexity Thesaurus
100,nitrogen cycling
101,Niwot Ridge LTER site thesaurus
102,none
103,None
104,NTL Keywords
105,NTL Themes
106,nutrient cycling
107,NWT Keywords
108,On Table 4 Vocab
109,PAL LTER Keywords
110,plants
111,plant species
112,precipitation
113,Primary Production
114,rain
115,Research Area
116,Research Networks
117,Research Theme
118,Santa Barbara Coastal LTER Habitats
119,Santa Barbara Coastal LTER: Measurement Types
120,Santa Barbara Coastal LTER: Measurement Types
121,Santa Barbara Coastal LTER: Places
122,Santa Barbara Coastal LTER: Places
123,SBCLTER Categories
124,SBC-LTER Controlled Vocabulary
125,SBCLTER Sites
126,Section
127,soil carbon
128,soil moisture
129,Soils
130,soil storage
131,soil water
132,species
133,species lists
134,Stand Structure
135,Station Keywords
136,Stream Ecology
137,Succession
138,Trophic Interactions
139,"U.S. Department of Commerce, 1977, Countries, dependencies, areas of"
140,"U.S. Department of Commerce, 1995, Countries, dependencies, areas of"
141,"U.S. Department of Commerce, 1995, Countries, dependencies, areas of special sovereignty, and their principal administrative divisions, Federal Information Processing Standard 10-4,): Washington, D.C., National Institute of Standards and Technology"
142,User-provided keywords
143,User Provided Keywords
144,US LTER Controlled Vocabulary
145,vascular plants
146,VCRLTERCoreAreas
147,vegetation
148,Vegetation
149,Water Quality
150,weather
151,wind speed
152,Zooplankton taxa and functional groups
153,
